{
    "Table": {
        "TableName": "access_keys",
        "KeySchema": [{
            "AttributeName": "access_key",
            "KeyType": "HASH"
        }],
        "AttributeDefinitions": [{
            "AttributeName": "access_key",
            "AttributeType": "S"
        }],
        "ProvisionedThroughput": {
            "ReadCapacityUnits": 5,
            "WriteCapacityUnits": 5
        }
    },
    "Seeds": [{
        "access_key": "13edf909931d0f37000e438e9d67a2e165fad5d0",
        "secret_key": "MzM1YWE2YTYyYzZjMGMxYzYyOGFlZjEzYTk3ZTFlNjNiYTNhMTYxMg=="
    }]
}
