{
    "Table": {
        "TableName": "creditcards",
        "KeySchema": [{
            "AttributeName": "id",
            "KeyType": "HASH"
        }], 
        "AttributeDefinitions": [{
            "AttributeName": "id", 
            "AttributeType": "S"
        },
        {
            "AttributeName": "ccnumber", 
            "AttributeType": "S"
        }],
        "GlobalSecondaryIndexes": [{ 
			"IndexName": "ccnumber-index",
			"KeySchema": [ 
				{ 
					"AttributeName": "ccnumber",
					"KeyType": "HASH"
				}
			],
			"Projection": { 
				"ProjectionType": "ALL"
			},
			"ProvisionedThroughput": { 
				"ReadCapacityUnits": 5,
				"WriteCapacityUnits": 5
			}
		}],
        "ProvisionedThroughput": {
            "ReadCapacityUnits": 5, 
            "WriteCapacityUnits": 5
        }
    },
    "Seeds": []
}
