{
    "Table": {
        "TableName": "sessions",
        "KeySchema": [{
            "AttributeName": "id",
            "KeyType": "HASH"
        }], 
        "AttributeDefinitions": [{
            "AttributeName": "id", 
            "AttributeType": "S"
        },
        {
            "AttributeName": "customer", 
            "AttributeType": "S"
        }],
        "GlobalSecondaryIndexes": [ 
		  { 
			 "IndexName": "customer-index",
			 "KeySchema": [ 
				{ 
				   "AttributeName": "customer",
				   "KeyType": "HASH"
				}
			 ],
			 "Projection": { 
				"ProjectionType": "ALL"
			 },
			 "ProvisionedThroughput": { 
				"ReadCapacityUnits": 5,
				"WriteCapacityUnits": 5
			 }
		  }
		],
        "ProvisionedThroughput": {
            "ReadCapacityUnits": 5, 
            "WriteCapacityUnits": 5
        }
    },
    "Seeds": [
    	{
			"id": "668ad918-0d09-4116-a6fe-0e8a9eda36f7",
			"customer": "24f7c851-29d4-4af9-87c5-0298fa74c689",
        	"products":["668ad918-0d09-4116-a6fe-0e7a9eda36f8"],
            "completed": "false",
            "modified": "false",
            "created": "1484156504"
        }
    ]
}
