{
    "Table": {
        "TableName": "transactions",
        "KeySchema": [{
            "AttributeName": "id",
            "KeyType": "HASH"
        }], 
        "AttributeDefinitions": [{
            "AttributeName": "id", 
            "AttributeType": "S"
        },
        {
            "AttributeName": "parentsession", 
            "AttributeType": "S"
        }],
        "GlobalSecondaryIndexes": [ 
		  { 
			 "IndexName": "parentsession-index",
			 "KeySchema": [ 
				{ 
				   "AttributeName": "parentsession",
				   "KeyType": "HASH"
				}
			 ],
			 "Projection": { 
				"ProjectionType": "ALL"
			 },
			 "ProvisionedThroughput": { 
				"ReadCapacityUnits": 5,
				"WriteCapacityUnits": 5
			 }
		  }
		],
        "ProvisionedThroughput": {
            "ReadCapacityUnits": 5, 
            "WriteCapacityUnits": 5
        }
    },
    "Seeds": []
}
