{
	"Authorization":"eyJhbGciOiJIUzI1NiIsInR5cCI6IkpXVCJ9.eyJpYXQiOjE0ODM4MzkyMjR9.jW6hbpILFKRJq1bRN_7XaH1ZrqCT_QK8t4udTrLAgts",
	"body":{
		"firstname":"Rama",
		"lastname":"Damunaste",
		"email":"rama@damunaste.com",
		"phone":"1234567890",
		"billing":{
			"line1":"10 Downing St.",
			"city":"Detroit",
			"state":"Michigan",
			"zip":"12345",
			"country":"US"
		},
		"address":{
			"line1":"334 Lombard St.",
			"line2":"Apartment 2",
			"city":"Portland",
			"state":"Oregon",
			"zip":"97203",
			"country":"US"
		}
	}
}