{
	"Authorization":"eyJhbGciOiJIUzI1NiIsInR5cCI6IkpXVCJ9.eyJpYXQiOjE0ODM4MzkyMjR9.jW6hbpILFKRJq1bRN_7XaH1ZrqCT_QK8t4udTrLAgts",
	"body":{
		"session_id":"668ad918-0d09-4116-a6fe-0e8a9eda36f7",
		"products":["4d3419f6-526b-4a68-9050-fc3ffcb552b4"],
		"type":"sale",
		"ccnumber":"4111111111111111",
		"ccexpiration":"1025",
		"ccccv":"999",
		"name":"Rama Damunaste",
		"address":{
			"line1":"10 Skid Rw.",
			"line2":"Suite 100",
			"city":"Portland",
			"state":"Oregon",
			"zip":"97213",
			"country":"USA"
		}
	}
}