{
	"title": "Add Customer",
	"type": "object",
	"properties": {
		"customer_vault":{
			"enum":["add_customer","update_customer"]
		},
		"customer_vault_id":{
			"type":"string"
		},
		"billing_id":{
			"type":"string"
		},
		"ccnumber":{
			"type":"string"
		},
		"ccexp":{
			"type":"string",
			"pattern": "^[0-9]{4}$"
		},
		"checkname":{
			"type":"string"
		},
		"checkaba":{
			"type":"string"
		},
		"checkaccount":{
			"type": "string"
		},
		"account_holder_type":{
			"type":"string",
			"enum":["personal","business"]
		},
		"account_type":{
			"type":"string",
			"enum":["checking","savings"]
		},
		"sec_code":{
			"type":"string",
			"enum":["PPD","WEB","TEL","CCD"]
		},
		"currency":{
			"type":"string"
		},
		"payment":{
			"type":"string",
			"enum":["creditcard","check"]
		},
		"orderid":{
			"type":"string"
		},
		"order_description":{
			"type":"string"
		},
		"merchant_defined_field_#":{
			"type":"string"
		},
		"ponumber":{
			"type":"string"
		},
		"tax":{
			"type":"string"
		},
		"tax_exempt":{
			"type":"string",
			"enum":["true","false"]
		},
		"shipping":{
			"type":"string"
		},
		"firstname":{
			"type":"string"
		},
		"lastname":{
			"type":"string"
		},
		"address1":{
			"type":"string"
		},
		"city":{
			"type":"string"
		},
		"state":{
			"type":"string"	
		},
		"zip":{
			"type":"string"
		},
		"country":{
			"type":"string"
		},
		"phone":{
			"type":"string"
		},
		"email":{
			"type":"string"
		},
		"company":{
			"type":"string"
		},
		"address2":{
			"type":"string"
		},
		"fax":{
			"type":"string"
		},
		"shipping_id":{
			"type":"string"
		},
		"shipping_firstname":{
			"type":"string"
		},
		"shipping_lastname":{
			"type":"string"
		},
		"shipping_company":{
			"type":"string"
		},
		"shipping_address1":{
			"type":"string"
		},
		"shipping_address2":{
			"type":"string"
		},
		"shipping_city":{
			"type":"string"
		},
		"shipping_state":{
			"type":"string"
		},
		"shipping_zip":{
			"type":"string"
		},
		"shipping_country":{
			"type":"string"
		},
		"shipping_phone":{
			"type":"string"
		},
		"shipping_fax":{
			"type":"string"
		},
		"shipping_email":{
			"type":"string"
		}
	},
	"required":["customer_vault"]
}